date;Germany;India;Canada
2020-01-22;0;0;0
2020-01-23;0;0;2
2020-01-24;0;0;3
2020-01-25;0;0;3
2020-01-26;0;0;3
2020-01-27;1;0;3
2020-01-28;4;0;4
2020-01-29;4;0;4
2020-01-30;4;1;4
2020-01-31;5;1;4
2020-02-01;8;1;4
2020-02-02;10;2;4
2020-02-03;12;3;4
2020-02-04;12;3;5
2020-02-05;12;3;6
2020-02-06;12;3;6
2020-02-07;13;3;8
2020-02-08;13;3;8
2020-02-09;14;3;8
2020-02-10;14;3;9
2020-02-11;16;3;9
2020-02-12;16;3;9
2020-02-13;16;3;9
2020-02-14;16;3;9
2020-02-15;16;3;9
2020-02-16;16;3;9
2020-02-17;16;3;10
2020-02-18;16;3;10
2020-02-19;16;3;10
2020-02-20;16;3;11
2020-02-21;16;3;13
2020-02-22;16;3;14
2020-02-23;16;3;15
2020-02-24;16;3;16
2020-02-25;16;3;19
2020-02-26;21;3;20
2020-02-27;26;3;22
2020-02-28;53;3;28
2020-02-29;66;3;33
2020-03-01;117;3;38
2020-03-02;150;5;45
2020-03-03;188;5;51
2020-03-04;240;28;59
2020-03-05;349;30;71
2020-03-06;534;31;90
2020-03-07;684;34;98
2020-03-08;847;39;120
2020-03-09;1112;43;144
2020-03-10;1296;56;165
2020-03-11;1567;62;228
2020-03-12;2369;73;289
2020-03-13;3062;82;386
2020-03-14;3795;102;453
2020-03-15;4838;113;549
2020-03-16;6012;119;700
2020-03-17;7156;142;854
2020-03-18;8198;156;1097
2020-03-19;10999;194;1349
2020-03-20;13957;244;1692
2020-03-21;16662;330;2195
2020-03-22;18610;396;2652
2020-03-23;22672;499;3298
2020-03-24;27436;536;3997
2020-03-25;31554;657;4570
2020-03-26;36508;727;5511
2020-03-27;42288;887;6380
2020-03-28;48582;987;7310
2020-03-29;52547;1024;8246
2020-03-30;57298;1251;9478
2020-03-31;61913;1397;10711
2020-04-01;67366;1998;12023
2020-04-02;73522;2543;13742
2020-04-03;79696;2567;15074
2020-04-04;85778;3082;16410
2020-04-05;91714;3588;17599
2020-04-06;95391;4778;19100
2020-04-07;99225;5311;20488
2020-04-08;103228;5916;21724
2020-04-09;108202;6725;23104
2020-04-10;113525;7598;24248
2020-04-11;117658;8446;25624
2020-04-12;120479;9205;26966
2020-04-13;123016;10453;28763
2020-04-14;125098;11487;30452
2020-04-15;127584;12322;32199
2020-04-16;130450;13430;33965
2020-04-17;133830;14352;36091
2020-04-18;137439;15722;37617
2020-04-19;139897;17615;39317
2020-04-20;141672;18539;41029
2020-04-21;143457;20080;42619
2020-04-22;145694;21370;44465
2020-04-23;148046;23077;46274
2020-04-24;150383;24530;47914
2020-04-25;152438;26283;49496
2020-04-26;154175;27890;50707
2020-04-27;155193;29451;52363
2020-04-28;156337;31324;53886
2020-04-29;157641;33062;55575
2020-04-30;159119;34863;57214
2020-05-01;160758;37257;59025
2020-05-02;161703;39699;60381
2020-05-03;162496;42505;61640
2020-05-04;163175;46437;63016
2020-05-05;163860;49400;64411
2020-05-06;164807;52987;65927
2020-05-07;166091;56351;67198
2020-05-08;167300;59695;68398
2020-05-09;168551;62808;69544
2020-05-10;169218;67161;70582
2020-05-11;169575;70768;71606
2020-05-12;170508;74292;72723
2020-05-13;171306;78055;73950
2020-05-14;172239;81997;75060
2020-05-15;173152;85784;76331
2020-05-16;173772;90648;77486
2020-05-17;174355;95698;78694
2020-05-18;174697;100328;79780
2020-05-19;175210;106475;80782
2020-05-20;176007;112028;82038
2020-05-21;176752;118226;83153
2020-05-22;177212;124794;84243
2020-05-23;177850;131423;85150
2020-05-24;178281;138536;86103
2020-05-25;178570;144950;87067
2020-05-26;179002;150793;87834
2020-05-27;179364;158086;88719
2020-05-28;179717;165386;89506
2020-05-29;180458;173491;90575
2020-05-30;181196;181827;91337
2020-05-31;181482;190609;92067
2020-06-01;181815;198370;92863
2020-06-02;182028;207191;93490
2020-06-03;182370;216824;94172
2020-06-04;182764;226713;94754
2020-06-05;183271;236184;95281
2020-06-06;183678;246622;95805
2020-06-07;183979;257486;96217
2020-06-08;184193;265928;96668
2020-06-09;184543;276146;97102
2020-06-10;184861;286605;97592
2020-06-11;185416;297535;98004
2020-06-12;185674;308993;98465
2020-06-13;186022;320922;98806
2020-06-14;186269;332424;99108
2020-06-15;186461;343091;99485
2020-06-16;186839;354065;99844
2020-06-17;187184;366946;100232
2020-06-18;187764;380532;100638
2020-06-19;188534;395048;101026
2020-06-20;189135;410451;101341
2020-06-21;189822;425282;101649
2020-06-22;190359;440215;102004
2020-06-23;190862;456183;102322
2020-06-24;191449;473105;102642
2020-06-25;192079;490401;102936
2020-06-26;192556;508953;103263
2020-06-27;193243;528859;103665
2020-06-28;193499;548318;103978
2020-06-29;193761;566840;104274
2020-06-30;194259;585481;104608
2020-07-01;194725;604641;104830
2020-07-02;195228;625544;105179
2020-07-03;195674;648315;105497
2020-07-04;196096;673165;105725
2020-07-05;196335;697413;105882
2020-07-06;196554;719664;106234
2020-07-07;196944;742417;106547
2020-07-08;197341;767296;106868
2020-07-09;197783;793802;107202
2020-07-10;198178;820916;107550
2020-07-11;198556;849522;107790
2020-07-12;198804;878254;108004
2020-07-13;198963;906752;108546
2020-07-14;199375;936181;108972
2020-07-15;199726;968857;109378
2020-07-16;200260;1003832;109860
2020-07-17;200843;1039084;110389
2020-07-18;201372;1077781;110773
2020-07-19;201574;1118206;111026
2020-07-20;201823;1155338;111821
2020-07-21;202345;1193078;112281
2020-07-22;202799;1238798;112663
2020-07-23;203368;1288108;113399
2020-07-24;204183;1337024;113836
2020-07-25;204964;1385635;114172
2020-07-26;205269;1435616;114479
2020-07-27;205609;1480073;115110
2020-07-28;206242;1531669;115487
2020-07-29;206926;1581963;115988
2020-07-30;207828;1634746;116434
2020-07-31;208698;1695988;116886
2020-08-01;209653;1750723;117140
2020-08-02;209893;1803695;117324
2020-08-03;210402;1855745;117591
2020-08-04;211281;1908254;118280
2020-08-05;212022;1964536;118638
2020-08-06;213067;2027074;118971
2020-08-07;214214;2088611;119413
2020-08-08;215336;2153010;119652
2020-08-09;215891;2215074;119875
2020-08-10;216327;2268675;120458
2020-08-11;217293;2329638;120820
2020-08-12;218519;2396637;121153
2020-08-13;219964;2461190;121647
2020-08-14;221413;2525922;122059
2020-08-15;222828;2589952;122269
2020-08-16;223453;2647663;122444
2020-08-17;224014;2702681;122648
2020-08-18;225404;2767253;123551
2020-08-19;226914;2836925;123906
2020-08-20;228621;2905825;124152
2020-08-21;230048;2975701;124857
2020-08-22;232082;3044940;125060
2020-08-23;232864;3106348;125323
2020-08-24;233575;3167323;126064
2020-08-25;234853;3224547;126435
2020-08-26;236429;3310234;126919
2020-08-27;237936;3387500;127394
2020-08-28;239507;3463972;127956
2020-08-29;240986;3542733;128283
2020-08-30;241771;3621245;128561
2020-08-31;242381;3691166;129594
2020-09-01;243599;3769523;130131
2020-09-02;244855;3853406;130698
2020-09-03;246166;3936747;131350
2020-09-04;247619;4023179;131988
2020-09-05;248997;4113811;132368
2020-09-06;249985;4204613;132799
2020-09-07;250799;4280422;133216
2020-09-08;252298;4370128;134694
2020-09-09;253474;4465863;135200
2020-09-10;255366;4562414;136182
2020-09-11;256850;4659984;136997
2020-09-12;258480;4754356;137636
2020-09-13;259428;4846427;138212
2020-09-14;260355;4930236;139541
2020-09-15;261762;5020359;140471
2020-09-16;263663;5118253;141475
2020-09-17;265857;5214677;142590
2020-09-18;267773;5308014;143871
2020-09-19;270070;5400619;144837
2020-09-20;271415;5487580;145771
2020-09-21;272337;5562663;147451
2020-09-22;274158;5646010;148664
2020-09-23;275927;5732518;150089
2020-09-24;278070;5818570;151519
2020-09-25;280223;5903932;153313
2020-09-26;282730;5992532;154946
2020-09-27;284140;6074702;156404
2020-09-28;285332;6145291;158607
2020-09-29;287421;6225763;160539
2020-09-30;289219;6312584;162560
2020-10-01;291722;6394068;164444
2020-10-02;294395;6473544;166611
2020-10-03;296958;6549373;168372
2020-10-04;299237;6623815;170033
2020-10-05;300619;6685082;172452
2020-10-06;303258;6757131;174611
2020-10-07;306086;6835655;176719
2020-10-08;310144;6906151;179121
2020-10-09;314660;6979423;181576
2020-10-10;319381;7053806;183330
2020-10-11;322864;7120538;185227
2020-10-12;325331;7175880;186752
2020-10-13;329453;7239389;190222
2020-10-14;334585;7307097;192761
2020-10-15;341223;7370468;195254
2020-10-16;348557;7432680;197694
2020-10-17;356387;7494551;199477
2020-10-18;361974;7550273;201410
2020-10-19;366299;7597063;204551
2020-10-20;373167;7651107;207028
2020-10-21;380762;7706946;209687
2020-10-22;392049;7761312;212235
2020-10-23;403291;7814682;215340
2020-10-24;418005;7864811;217354
2020-10-25;429181;7909959;219284
2020-10-26;437866;7946429;223514
2020-10-27;449275;7990322;226263
2020-10-28;464239;8040203;229139
2020-10-29;481013;8088851;232095
2020-10-30;499694;8137119;235522
2020-10-31;518753;8184082;237844
2020-11-01;532930;8229313;240361
2020-11-02;545027;8267623;243665
2020-11-03;560379;8313876;248386
2020-11-04;577593;8364086;251245
2020-11-05;597583;8411724;255285
2020-11-06;619089;8462080;260094
2020-11-07;642488;8507754;264324
2020-11-08;658505;8553657;268276
2020-11-09;671868;8591730;273167
2020-11-10;687200;8636011;277808
2020-11-11;705687;8683916;281928
2020-11-12;727553;8728795;287419
2020-11-13;751095;8773479;292283
2020-11-14;773556;8814579;296568
2020-11-15;790503;8845127;300673
2020-11-16;801327;8874290;306491
2020-11-17;815746;8912907;310914
2020-11-18;833307;8958483;315628
2020-11-19;855916;9004365;320643
2020-11-20;879564;9050597;325716
2020-11-21;902528;9095806;330545
2020-11-22;918269;9139865;335179
2020-11-23;929133;9177840;341951
2020-11-24;942687;9222216;347381
2020-11-25;961320;9266705;353026
2020-11-26;983588;9309787;358888
2020-11-27;1006394;9351109;364757
2020-11-28;1028089;9392919;370341
2020-11-29;1042700;9431691;375794
2020-11-30;1053869;9462809;383468
2020-12-01;1067473;9499413;389268
2020-12-02;1084743;9534964;395636
2020-12-03;1106789;9571559;402165
2020-12-04;1130238;9608211;408988
2020-12-05;1153556;9644222;415171
2020-12-06;1171323;9677203;421102
2020-12-07;1183655;9703770;428917
2020-12-08;1197709;9735850;435178
2020-12-09;1218524;9767371;441542
2020-12-10;1242203;9796744;448106
2020-12-11;1272078;9826775;455124
2020-12-12;1300516;9857029;461299
2020-12-13;1320716;9884100;467291
2020-12-14;1337078;9906165;475836
2020-12-15;1351510;9932547;482187
2020-12-16;1379238;9956557;489005
2020-12-17;1406161;9979447;496390
2020-12-18;1439938;10004599;503584
2020-12-19;1471238;10031223;509757
2020-12-20;1494009;10055560;515826
2020-12-21;1510652;10075116;523454
2020-12-22;1530180;10099066;529978
2020-12-23;1554920;10123778;536667
2020-12-24;1587115;10146845;543020
2020-12-25;1612648;10169118;548944
2020-12-26;1627103;10187850;554321
2020-12-27;1640858;10207871;559865
2020-12-28;1651834;10224303;566135
2020-12-29;1664726;10244852;575540
2020-12-30;1687185;10266674;583254
2020-12-31;1719737;10286709;590249
2021-01-01;1742661;10305788;596582
2021-01-02;1755351;10323965;602396
2021-01-03;1765666;10340469;612021
2021-01-04;1775513;10356844;621738
2021-01-05;1787410;10374932;629266
2021-01-06;1808647;10395278;638177
2021-01-07;1835038;10413417;647408
2021-01-08;1866887;10413417;656298
2021-01-09;1891581;10450284;663188
2021-01-10;1908527;10466595;669592
2021-01-11;1921024;10479179;677012
2021-01-12;1933826;10495147;683815
2021-01-13;1953426;10512093;690906
2021-01-14;1978590;10527683;697925
2021-01-15;2000958;10542841;704874
2021-01-16;2019636;10557985;710675
2021-01-17;2033518;10571773;715559
2021-01-18;2040659;10581823;721604
2021-01-19;2052028;10595639;726920
2021-01-20;2068002;10610883;732754
2021-01-21;2088400;10625428;738597
2021-01-22;2106262;10639684;744265
2021-01-23;2122679;10654533;748567
2021-01-24;2134936;10667736;752507
2021-01-25;2141665;10676838;757859
2021-01-26;2148077;10689527;762223
2021-01-27;2161275;10701193;766674
2021-01-28;2178828;10720048;771318
2021-01-29;2192850;10733130;776006
2021-01-30;2205171;10746174;779709
2021-01-31;2216363;10757610;782912
2021-02-01;2221971;10766245;786923
2021-02-02;2228085;10777284;790553
2021-02-03;2237790;10790183;794154
2021-02-04;2252001;10802591;798083
2021-02-05;2264909;10814304;802047
2021-02-06;2275394;10826363;805018
2021-02-07;2284010;10838194;807596
2021-02-08;2288545;10847304;811102
2021-02-09;2291924;10858371;814050
2021-02-10;2299996;10871294;817659
2021-02-11;2310233;10880603;821035
2021-02-12;2320093;10892746;824345
2021-02-13;2328447;10904940;826866
2021-02-14;2334561;10916589;829076
2021-02-15;2338987;10925710;831044
2021-02-16;2342843;10937320;835022
2021-02-17;2350399;10950201;837883
2021-02-18;2360606;10963394;841333
2021-02-19;2369719;10977387;844478
2021-02-20;2378883;10991651;847051
2021-02-21;2386559;11005850;849459
2021-02-22;2390928;11016434;853033
2021-02-23;2394811;11030176;856056
2021-02-24;2402818;11046914;859115
2021-02-25;2414687;11063491;862268
2021-02-26;2424684;11079979;865383
2021-02-27;2434446;11096731;867885
2021-02-28;2442336;11112241;870022
2021-03-01;2447068;11124527;873534
2021-03-02;2451011;11139516;876588
2021-03-03;2460030;11156923;879540
2021-03-04;2471942;11173761;882779
2021-03-05;2482522;11192045;886094
2021-03-06;2492079;11210799;888748
2021-03-07;2500182;11229398;891117
2021-03-08;2505193;11244786;894883
2021-03-09;2509445;11262707;897914
2021-03-10;2518591;11285561;901124
2021-03-11;2532947;11308846;904562
2021-03-12;2545781;11333728;908333
2021-03-13;2558455;11359048;911149
2021-03-14;2569245;11385339;913552
2021-03-15;2575849;11409831;917437
2021-03-16;2581329;11438734;920915
2021-03-17;2594764;11474605;924545
2021-03-18;2612268;11514331;928472
2021-03-19;2629750;11555284;932819
2021-03-20;2645783;11599130;936138
2021-03-21;2659516;11646081;939245
2021-03-22;2667225;11686796;944332
2021-03-23;2674710;11734058;948376
2021-03-24;2690523;11787534;953373
2021-03-25;2713180;11846652;958540
2021-03-26;2734753;11908910;964151
2021-03-27;2755225;11971624;968273
2021-03-28;2772401;12039644;972301
2021-03-29;2782273;12095855;978910
2021-03-30;2791822;12149335;984144
2021-03-31;2808873;12221665;990662
2021-04-01;2833173;12303131;997016
2021-04-02;2855061;12392260;1001635
2021-04-03;2873190;12485509;1007597
2021-04-04;2885386;12589067;1011978
2021-04-05;2893883;12686049;1019494
2021-04-06;2900768;12801785;1030673
2021-04-07;2910445;12928574;1038829
2021-04-08;2930852;13060542;1047704
2021-04-09;2956316;13205926;1056897
2021-04-10;2980413;13358805;1064862
2021-04-11;2998268;13527717;1072047
2021-04-12;3011513;13689453;1082418
2021-04-13;3022323;13873825;1090614
2021-04-14;3044016;14074564;1099978
2021-04-15;3073442;14291917;1109734
2021-04-16;3099273;14526609;1118002
2021-04-17;3123077;14788003;1125830
2021-04-18;3142262;15061805;1133021
2021-04-19;3153699;15320972;1142625
2021-04-20;3163308;15616130;1150528
2021-04-21;3188192;15930774;1158744
2021-04-22;3217710;16263695;1167777
2021-04-23;3245253;16610481;1176003
2021-04-24;3268645;16960172;1183187
2021-04-25;3287418;17313163;1189788
2021-04-26;3299325;17636186;1198434
2021-04-27;3310301;17997113;1205937
2021-04-28;3332532;18376421;1214206
2021-04-29;3357268;18762976;1222564
2021-04-30;3381597;19164969;1230530
2021-05-01;3400532;19557457;1238296
2021-05-02;3416822;19925517;1244435
2021-05-03;3425982;20282833;1252750
2021-05-04;3433516;20664979;1259651
2021-05-05;3451550;21077410;1267370
2021-05-06;3473503;21491598;1275453
2021-05-07;3491988;21892676;1283199
2021-05-08;3507673;22296081;1289678
2021-05-09;3520329;22662575;1295213
2021-05-10;3527251;22992517;1302154
2021-05-11;3533376;23340938;1308236
2021-05-12;3548285;23703665;1314850
2021-05-13;3565704;24046809;1321202
2021-05-14;3577040;24372907;1327214
2021-05-15;3584934;24684077;1332007
2021-05-16;3593434;24965463;1336276
2021-05-17;3598846;25228996;1341268
2021-05-18;3603055;25496330;1345649
2021-05-19;3614095;25772440;1350639
2021-05-20;3626393;26031991;1355117
2021-05-21;3635162;26289290;1359588
2021-05-22;3642244;26530132;1363020
2021-05-23;3648958;26752447;1365851
2021-05-24;3651640;26948874;1368224
2021-05-25;3653551;27157795;1371721
2021-05-26;3656177;27369093;1374572
2021-05-27;3662490;27555457;1377598
2021-05-28;3669870;27729247;1380542
2021-05-29;3675296;27894800;1382890
2021-05-30;3679148;28047534;1384742
2021-05-31;3681126;28175044;1387091
2021-06-01;3682911;28307832;1388921
2021-06-02;3687828;28441986;1391117
2021-06-03;3692468;28574350;1393272
2021-06-04;3695633;28694879;1395085
2021-06-05;3697927;28809339;1396586
2021-06-06;3700367;28909975;1397774
2021-06-07;3701484;28996473;1399237
2021-06-08;3702688;29089069;1400611
2021-06-09;3705942;29182532;1402184
2021-06-10;3709129;29274823;1403622
2021-06-11;3711569;29359155;1404971
2021-06-12;3713480;29439989;1406133
2021-06-13;3714969;29510410;1407055
2021-06-14;3715518;29570881;1408107
2021-06-15;3716170;29633105;1409077
2021-06-16;3717625;29700313;1410095
2021-06-17;3718955;29762793;1411193
2021-06-18;3720031;29823546;1412182
2021-06-19;3721139;29881772;1412925
2021-06-20;3721981;29935221;1413544
2021-06-21;3722327;29977861;1414228
2021-06-22;3722782;30028709;1414880
2021-06-23;3723798;30082778;1415589
2021-06-24;3724806;30134445;1416297
2021-06-25;3725580;30183143;1416935
2021-06-26;3726172;30233183;1417455
2021-06-27;3726710;30279331;1417858
2021-06-28;3726929;30316897;1418570
2021-06-29;3727333;30362848;1419198
2021-06-30;3728141;30411634;1419748
2021-07-01;3729033;30458251;1420024
2021-07-02;3729682;30502362;1420680
2021-07-03;3730353;30545433;1421065
2021-07-04;3730912;30585229;1421358
2021-07-05;3731124;30619932;1421931
2021-07-06;3731564;30663665;1422336
2021-07-07;3732549;30709557;1422896
2021-07-08;3733519;30752950;1423419
2021-07-09;3734468;30795716;1423953
2021-07-10;3735420;30837222;1424300
2021-07-11;3736165;30874376;1424569
2021-07-12;3736489;30907282;1425023
2021-07-13;3737135;30946147;1425388
2021-07-14;3738683;30987880;1425712
2021-07-15;3740325;31026829;1426159
2021-07-16;3741781;31064908;1426525
2021-07-17;3743389;31106065;1426872
2021-07-18;3744681;31144229;1427163
2021-07-19;3745227;31174322;1427728
2021-07-20;3746410;31216337;1428083
2021-07-21;3748613;31257720;1428621
2021-07-22;3750503;31293062;1429015
2021-07-23;3752592;31332159;1429610
2021-07-24;3754511;31371901;1429984
2021-07-25;3755898;31411262;1430278
2021-07-26;3756856;31440951;1431222
2021-07-27;3758401;31484605;1431816
2021-07-28;3761169;31528114;1432659
2021-07-29;3764311;31572344;1433590
2021-07-30;3766765;31613993;1434495
2021-07-31;3769165;31655824;1434967
2021-08-01;3771262;31695958;1435347
2021-08-02;3772109;31726507;1435683
2021-08-03;3773875;31769132;1437713
2021-08-04;3777446;31812114;1438806
2021-08-05;3780985;31856757;1440396
2021-08-06;3784433;31895385;1442021
2021-08-07;3787639;31934455;1442740
2021-08-08;3790766;31969954;1443469
2021-08-09;3791949;31998158;1446326
2021-08-10;3794429;32036511;1447743
2021-08-11;3799425;32077706;1449822
2021-08-12;3805063;32117826;1451984
2021-08-13;3810641;32156493;1454422
2021-08-14;3816285;32192576;1455494
2021-08-15;3821013;32225513;1456423
2021-08-16;3823139;32250679;1460340
2021-08-17;3827051;32285857;1462314
2021-08-18;3835375;32322258;1464910
2021-08-19;3843775;32358829;1467812
2021-08-20;3853055;32393286;1470842
2021-08-21;3861147;32424234;1472306
2021-08-22;3868197;32449306;1473497
2021-08-23;3871865;32474773;1478305
2021-08-24;3877612;32512366;1480796
2021-08-25;3889173;32558530;1484267
2021-08-26;3901799;32603188;1487821
2021-08-27;3913828;32649947;1491589
2021-08-28;3924131;32695030;1493265
2021-08-29;3932547;32737939;1494699
2021-08-30;3937106;32768880;1501089
2021-08-31;3942856;32810845;1504281
2021-09-01;3956387;32857937;1508281
2021-09-02;3970102;32903289;1512341
2021-09-03;3984353;32945907;1516567
2021-09-04;3995188;32988673;1518280
2021-09-05;4005641;33027621;1520081
2021-09-06;4010390;33058843;1521585
2021-09-07;4017116;33096718;1530657
2021-09-08;4030681;33139981;1534594
2021-09-09;4046112;33174954;1538824
2021-09-10;4059081;33208330;1543470
2021-09-11;4070295;33236921;1544598
2021-09-12;4077640;33264175;1547391
2021-09-13;4083151;33289579;1556081
2021-09-14;4089476;33316755;1560385
2021-09-15;4101931;33347325;1564842
2021-09-16;4114856;33381728;1569479
2021-09-17;4125878;33417390;1574529
2021-09-18;4134779;33448163;1576527
2021-09-19;4142116;33478419;1578344
2021-09-20;4145852;33504534;1586910
2021-09-21;4150516;33531498;1590781
2021-09-22;4160970;33563421;1594918
2021-09-23;4171666;33594803;1599490
2021-09-24;4181393;33624419;1604017
2021-09-25;4188604;33652745;1605270
2021-09-26;4196378;33678786;1606382
2021-09-27;4199400;33697581;1617233
2021-09-28;4203571;33716451;1620860
2021-09-29;4215351;33739980;1625278
2021-09-30;4227501;33766707;1629026
2021-10-01;4237619;33791061;1634218
2021-10-02;4246136;33813903;1636090
2021-10-03;4252300;33834702;1637554
2021-10-04;4255388;33853048;1645467
2021-10-05;4260187;33871881;1648385
2021-10-06;4271734;33894312;1652230
2021-10-07;4283378;33915569;1656378
2021-10-08;4293807;33935309;1660492
2021-10-09;4302661;33953475;1662247
2021-10-10;4310273;33971607;1663816
2021-10-11;4313384;33985920;1665194
2021-10-12;4318355;34001743;1672232
2021-10-13;4330258;34020730;1674947
2021-10-14;4342640;34037592;1678302
2021-10-15;4354158;34053573;1681744
2021-10-16;4365107;34067719;1683342
2021-10-17;4373789;34081315;1684634
2021-10-18;4377845;34094373;1690009
2021-10-19;4384616;34108996;1692312
2021-10-20;4401631;34127450;1695100
2021-10-21;4417708;34143236;1697970
2021-10-22;4437280;34159562;1700545
2021-10-23;4452425;34175468;1702323
2021-10-24;4466157;34189774;1703819
2021-10-25;4472730;34202202;1707136
2021-10-26;4483203;34215653;1708966
2021-10-27;4506415;34231809;1711623
2021-10-28;4534452;34246157;1714281
2021-10-29;4559120;34260470;1716815
2021-10-30;4580663;34273300;1718603
2021-10-31;4597550;34285814;1720166
2021-11-01;4607208;34296237;1723169
2021-11-02;4618021;34308140;1725122
2021-11-03;4638419;34321025;1727519
2021-11-04;4672368;34333754;1730199
2021-11-05;4709488;34344683;1732770
2021-11-06;4743490;34355509;1734202
2021-11-07;4767033;34366987;1735435
2021-11-08;4782546;34377113;1739955
2021-11-09;4804378;34388579;1742460
2021-11-10;4844054;34401670;1745188
2021-11-11;4894250;34414186;1746806
2021-11-12;4942890;34426036;1750634
2021-11-13;4987971;34437307;1752129
2021-11-14;5021469;34447536;1753430
2021-11-15;5045076;34456401;1757456
2021-11-16;5077124;34466598;1759563
2021-11-17;5129950;34478517;1762176
2021-11-18;5195321;34489623;1765014
2021-11-19;5248291;34499925;1767769
2021-11-20;5312215;34510413;1769635
2021-11-21;5354942;34518901;1771105
2021-11-22;5385585;34526480;1775270
2021-11-23;5430911;34535763;1777648
2021-11-24;5497795;34544882;1780445
2021-11-25;5573756;34555431;1784842
2021-11-26;5650170;34563749;1787867
2021-11-27;5717295;34572523;1790069
2021-11-28;5761696;34580832;1791803
2021-11-29;5791060;34587822;1795577
2021-11-30;5836813;34596776;1798195
2021-12-01;5903999;34606541;1801612
2021-12-02;5977208;34615757;1804994
2021-12-03;6051560;34624360;1808630
2021-12-04;6116070;34624360;1811253
2021-12-05;6158125;34641561;1813563
2021-12-06;6185961;34648383;1818250
2021-12-07;6222020;34656822;1821505
2021-12-08;6291621;34666241;1825442
2021-12-09;6362232;34674643;1829958
2021-12-10;6423520;34682633;1833043
2021-12-11;6477217;34690510;1838786
2021-12-12;6509863;34697860;1842317
2021-12-13;6531606;34703644;1848420
2021-12-14;6562429;34710628;1853660
2021-12-15;6613730;34718602;1860841
2021-12-16;6670407;34726049;1868764
2021-12-17;6721375;34726049;1878782
2021-12-18;6764188;34733194;1887086
2021-12-19;6793536;34746838;1895472
2021-12-20;6809622;34752164;1910922
2021-12-21;6833050;34758481;1925063
2021-12-22;6878709;34765976;1943963
2021-12-23;6923636;34772626;1969928
2021-12-24;6959067;34779815;1995112
2021-12-25;6981281;34786802;2014138
2021-12-26;6991381;34793333;2032312
2021-12-27;7005289;34799691;2054700
2021-12-28;7026369;34808886;2082785
2021-12-29;7066412;34822040;2137845
2021-12-30;7109182;34838804;2180799
2021-12-31;7150422;34861579;2223735
2022-01-01;7176814;34889132;2256747
2022-01-02;7189329;34922882;2286735
2022-01-03;7207847;34960261;2323056
2022-01-04;7238408;35018358;2372323
2022-01-05;7297320;35109286;2412242
2022-01-06;7361660;35226386;2454121
2022-01-07;7417995;35368372;2499612
2022-01-08;7473884;35528004;2528644
2022-01-09;7510436;35707727;2554916
2022-01-10;7535691;35875790;2613377
2022-01-11;7581381;36070510;2646228
2022-01-12;7661811;36317927;2681101
2022-01-13;7743228;36582129;2712688
2022-01-14;7835451;36850962;2753198
2022-01-15;7913473;37122164;2771345
2022-01-16;7965977;37380253;2786622
2022-01-17;8000122;37618271;2828029
2022-01-18;8074527;37901241;2848893
2022-01-19;8186850;38218773;2872365
2022-01-20;8320386;38566027;2895331
2022-01-21;8460546;38903731;2916524
2022-01-22;8596007;39237264;2930307
2022-01-23;8681447;39543328;2935575
2022-01-24;8744840;39799202;2955087
2022-01-25;8871795;40085116;2984054
2022-01-26;9035795;40371500;2991708
2022-01-27;9238931;40622709;3020108
2022-01-28;9429079;40858241;3036647
2022-01-29;9618245;41092522;3045083
2022-01-30;9737215;41302440;3052373
2022-01-31;9815533;41469499;3073654
2022-02-01;9978146;41630885;3085591
2022-02-02;10186644;41803318;3100943
2022-02-03;10422764;41952712;3114115
2022-02-04;10671602;42080664;3127213
2022-02-05;10889417;42188138;3133836
2022-02-06;11022590;42272014;3139239
2022-02-07;11117857;42339611;3155289
2022-02-08;11287428;42410976;3165329
2022-02-09;11521678;42478060;3175654
2022-02-10;11769540;42536137;3186035
2022-02-11;12009712;42586544;3193438
2022-02-12;12219501;42631421;3203282
2022-02-13;12344661;42665534;3206897
2022-02-14;12421126;42692943;3219086
2022-02-15;12580343;42723558;3225542
2022-02-16;12800315;42754315;3233298
2022-02-17;13035941;42780235;3240493
2022-02-18;13255989;42802505;3247240
2022-02-19;13445094;42822473;3250784
2022-02-20;13563126;42838524;3253232
2022-02-21;13636993;42851929;3256889
2022-02-22;13762895;42867031;3264880
2022-02-23;13971947;42881179;3274692
2022-02-24;14188269;42894345;3280453
2022-02-25;14399012;42905844;3289085
2022-02-26;14574845;42916117;3290897
2022-02-27;14682758;42924130;3294481
2022-02-28;14745107;42931045;3302400
2022-03-01;14867218;42938599;3307510
2022-03-02;15053624;42945160;3313423
2022-03-03;15264297;42951556;3321778
2022-03-04;15481890;42957477;3331281
2022-03-05;15674100;42962953;3334478
2022-03-06;15790989;42967315;3337091
2022-03-07;15869417;42971308;3345546
2022-03-08;16026216;42975883;3349699
2022-03-09;16242070;42980067;3356440
2022-03-10;16504822;42984261;3362047
2022-03-11;16757658;42987875;3370105
2022-03-12;16994744;42990991;3371929
2022-03-13;17141351;42993494;3373322
2022-03-14;17233729;42996062;3377844
2022-03-15;17432617;42998938;3386875
2022-03-16;17695210;43001477;3392165
2022-03-17;17990141;43004005;3396364
2022-03-18;18287986;43006080;3399704
2022-03-19;18548225;43007841;3402711
2022-03-20;18680017;43009390;3404964
2022-03-21;18772331;43010971;3413117
2022-03-22;18994411;43012749;3422583
2022-03-23;19278143;43014687;3429407
2022-03-24;19596530;43016372;3436460
2022-03-25;19893028;43018032;3445404
2022-03-26;20145054;43019453;3449778
2022-03-27;20256278;43020723;3453432
2022-03-28;20323779;43021982;3459582
2022-03-29;20561131;43023215;3470143
2022-03-30;20829608;43024440;3481119
2022-03-31;21357095;43025775;3489910
2022-04-01;21357039;43027035;3502380
2022-04-02;21553495;43028131;3509394
2022-04-03;21668677;43029044;3511975
2022-04-04;21668677;43029839;3512535
2022-04-05;21849074;43030925;3521439
2022-04-06;22265788;43031958;3530991
2022-04-07;22441051;43033067;3537010
2022-04-08;22591726;43034217;3537010
2022-04-09;22647197;43035271;3552577
2022-04-10;22677986;43036132;3552577
2022-04-11;22878428;43036928;3552709
2022-04-12;23017079;43038016;3552709
2022-04-13;23182447;43039023;3616387
2022-04-14;23339311;43039972;3635332
2022-04-15;23376879;43040947;3627286
2022-04-16;23416663;43042097;3643973
2022-04-17;23437145;43044280;3645911
2022-04-18;23459628;43045527;3657885
2022-04-19;23658211;43047594;3665778
2022-04-20;23844536;43049974;3679211
2022-04-21;24006254;43052425;3689726
2022-04-22;24141333;43054952;3707016
2022-04-23;24180512;43057545;3711767
2022-04-24;24200596;43060086;3716424
2022-04-25;24337394;43060097;3720307
2022-04-26;24337394;43065496;3727897
2022-04-27;24609159;43068799;3740982
2022-04-28;24710769;43072176;3749479
2022-04-29;24798067;43075864;3761708
2022-04-30;24809785;43079188;3765164
2022-05-01;24813817;43082345;3767783
2022-05-02;24927339;43084913;3770449
2022-05-03;25033970;43088118;3776005
2022-05-04;25130137;43091393;3786803
2022-05-05;25215210;43094938;3793942
2022-05-06;25287462;43098743;3802912
2022-05-07;25295950;43102194;3805370
2022-05-08;25299300;43105401;3807514
2022-05-09;25406868;43107689;3809685
2022-05-10;25503878;43110586;3814073
2022-05-11;25592839;43113413;3822281
2022-05-12;25661838;43116254;3827766
2022-05-13;25723697;43119112;3835537
2022-05-14;25729848;43121599;3836335
2022-05-15;25732153;43123801;3836969
2022-05-16;25818405;43125370;3837943
2022-05-17;25890456;43127199;3844271
2022-05-18;25949175;43129563;3850312
2022-05-19;25998085;43131822;3854742
2022-05-20;26040460;43134145;3860575
2022-05-21;26044283;43136371;3861958
2022-05-22;26045528;43138393;3863053
2022-05-23;26109965;43140068;3863389
2022-05-24;26159106;43142192;3865444
2022-05-25;26198811;43144820;3869993
2022-05-26;26200663;43147530;3873780
2022-05-27;26240639;43150215;3879050
2022-05-28;26243352;43153043;3880240
2022-05-29;26244107;43155749;3881220
2022-05-30;26305996;43158087;3882134
2022-05-31;26360953;43160832;3884160
2022-06-01;26409455;43164544;3888672
2022-06-02;26452148;43168585;3891759
2022-06-03;26493235;43172547;3895259
2022-06-04;26493235;43176817;3896919
2022-06-05;26496611;43181335;3897791
2022-06-06;26498361;43185049;3898661
2022-06-07;26583016;43190282;3901597
2022-06-08;26660652;43197522;3905339
2022-06-09;26738530;43205106;3907653
2022-06-10;26803867;43213435;3912417
2022-06-11;26803867;43222017;3916335
2022-06-12;26809245;43230101;3917756
2022-06-13;26915085;43236695;3918616
2022-06-14;27007429;43245517;3921033
2022-06-15;27096571;43257730;3923353
2022-06-16;27124689;43270577;3926127
2022-06-17;27204953;43283793;3927884
2022-06-18;27204955;43296692;3931364
2022-06-19;27211896;43309473;3931364
2022-06-20;27334993;43319396;3932637
2022-06-21;27454225;43331645;3935067
2022-06-22;27573585;43344958;3938040
2022-06-23;27681775;43362294;3942808
2022-06-24;27771111;43378234;3945083
2022-06-25;27771112;43389973;3948562
2022-06-26;27771911;43407046;3949244
2022-06-27;27914240;43418839;3950117
2022-06-28;28048190;43433345;3953552
2022-06-29;28180861;43452164;3956171
2022-06-30;28293960;43469234;3962334
2022-07-01;28392629;43486326;3963763
2022-07-02;28392630;43502429;3967805
2022-07-03;28394995;43518564;3968731
2022-07-04;28542484;43531650;3969063
2022-07-05;28673212;43547809;3975062
2022-07-06;28808614;43566739;3976097
2022-07-07;28926346;43585554;3984864
2022-07-08;29022265;43604394;3988430
2022-07-09;29022265;43622651;3989890
2022-07-10;29025760;43639329;3990961
2022-07-11;29180489;43652944;3991994
2022-07-12;29308100;43669850;3995331
2022-07-13;29460249;43689989;4000304
2022-07-14;29569943;43710027;4018403
2022-07-15;29692989;43730071;4024060
2022-07-16;29692989;43750599;4026044
2022-07-17;29692989;43767534;4026044
2022-07-18;29853680;43783062;4026069
2022-07-19;29994679;43801678;4036848
2022-07-20;30131303;43824728;4040958
2022-07-21;30239122;43847065;4051382
2022-07-22;30331131;43868476;4059876
2022-07-23;30331133;43888755;4061530
2022-07-24;30331133;43905621;4062808
2022-07-25;30476605;43920451;4064084
2022-07-26;30598385;43938764;4071469
2022-07-27;30702511;43959321;4074977
2022-07-28;30787309;43959321;4084973
